{"file_hashes":[{"block_hashes":["1vCYKGtPtHCijjdocflEu+x1pg/xqAynPz/sj1ITQxg="],"block_size":4096,"path":"README.md"},{"block_hashes":["ysXcEdL6Pst5bO11359CWs0dgVS/ANknyG0Br4xB+BY=","F/gWtP3m3TOZ6zQD2/cW9BxX0qYCSOwbP99QDreBYyY="],"block_size":4096,"path":"github.js"},{"block_hashes":["sO99nZTWYmCqAl6qibI0d+NibpNrdYwaq6ocND12/yM="],"block_size":4096,"path":"github.svg"},{"block_hashes":["zW7Rll3AU9q8gAWM1Qb8mlFn6e60yXhPsw+jiGOylQY="],"block_size":4096,"path":"popup.css"},{"block_hashes":["NAXdEXxI2dVIhdgZnrRcYgFDn1JkZfc7flULgdHuRRU="],"block_size":4096,"path":"popup.html"},{"block_hashes":["DUsUgEFH4/kyPlIx2m8HSFx//sLv+cl/qKup1SfJbAo=","P7Zv3D7n0r4dCvccTwpVGaH4o/o7QsRqlhYgtuGcKPw=","7nykPPVJcm31wfDJdAvKLb6AraQHBS/+JqqoN1tmBPE="],"block_size":4096,"path":"popup.js"},{"block_hashes":["m4pRzLeRnO1Hoqap2LmTXqsINLWR9N6JsCtNKdYv/iE="],"block_size":4096,"path":"right.svg"},{"block_hashes":["xI1f6m65vBC6o3F3OrqaNR20vRFMZlhge+BIFBxTomQ="],"block_size":4096,"path":"vendors/base64.js"},{"block_hashes":["Xi0H+HmbHe23oVoFd3E6wn/j2OOn1hP1YFDptxadDcY=","FsybYH/u2H/OCgQLcJ3C37TmNZkOI9Y1CqqyRYSKWYk=","6oESOgLB30BYwtzu6aQlquGLjEl3mN2klQstEXSvHOc=","S6F0uuDsZa6SCY8RoN48NZGYyTCPaKMWPlmlWfQXWUI="],"block_size":4096,"path":"vendors/gh3.min.js"},{"block_hashes":["tJUVFx2ug8CEBqiHBxZ/46MBETYkJWGl4GKkhJoWvtc=","R6/EfPIksxtzvTgFTEdVwqgKSJSVgf5AJfZnpsH9Ghw=","dahZapEh/hjMFRHpa7TlvgEwWzcdhfFJsqRbrnkJKkA=","cybWBi8BV62CU7TuS0JGR6N81oNVJBWovoUo8f7bFxg=","WADRvv39SC34lBRED/N+Vbz81LlMcBm5AiUqEfSLMp4=","Ts3Uk72jcQ16eXNeZD6jh4NSriIeIlvg5hyvUzaHi60=","VwpJzU+QLqKU/Jf7nKNUonZl+8I9W/lU/SOeyBYU1iM=","Y7A741h6O93Hhob25YLuTBYKMWI+6jkubBwadPISoSU=","Qof+Z1PjBa4daOy5ANK1u0QPPa2LRv+/l7yhU3oYsQI=","V5k1wUKN1Rd/8erV4dgaUy1INO1TouOZfJyglHVDZM8=","xVb4x0IQ2QJBaVBSKs7T4LAx8eHjLSQK6VTty5k1pfw=","F1DM/cGP8JDGz+mG463E1LT9K59kIYyDaetmi3X+yuQ=","xN2JtzHicnFg3b2SBhOvPL164lfti/1oDR0FS7RVIj8=","ZVn+P6XZujfecnQkK6Ad51H017h+sjtY8QNtrEM9MqM=","mPkK2jZ7ioLuvawj1ISGiy3Ynd/Zo66P7OQinTUSxeQ=","3SQI0yQJSejbU7sjiU7SNJGJCMO4eOeNlLRL30mlC+Y=","rQo/0YZd+L7QP8VJnUY6CoS1392tNjjb4SrQD1dtFfU=","ZpKROuTh7b0P5nY2ZFKAP1EKqDL6Jaqxki/dZo1qSpg=","J2whb46sVYeR8MmEDD7mIyy6zU1Gqjc8JY3PfzagOtU=","EaI0AyJ18ZHPexbOLP1qBHAX4I5TjdWfVAOtPc+iacg=","vX68hylmtBHtqaO4t9iBNkBFvqsiyQG8sFokxXvSMYk="],"block_size":4096,"path":"vendors/jquery-2.1.0.min.js"}],"version":2}